{
  "argument": {
    "argument": {
      "argument1": {
        "argument1": {
          "type": "minecraft:blend_offset"
        },
        "argument2": {
          "argument1": 1.0,
          "argument2": {
            "argument1": -1.0,
            "argument2": {
              "argument": {
                "type": "minecraft:blend_alpha"
              },
              "type": "minecraft:cache_once"
            },
            "type": "minecraft:mul"
          },
          "type": "minecraft:add"
        },
        "type": "minecraft:mul"
      },
      "argument2": {
        "argument1": {
          "argument1": -0.5037500262260437,
          "argument2": {
            "spline": {"coordinate":"minecraft:overworld/continents","points":[{"location":-1.1,"derivative":0,"value":{"coordinate":"minecraft:overworld/erosion","points":[{"location":-0.85,"derivative":0,"value":{"coordinate":"minecraft:overworld/ridges","points":[{"location":0,"value":0.044,"derivative":0}]}}]}},{"location":-1.02,"derivative":0,"value":{"coordinate":"minecraft:overworld/erosion","points":[{"location":-0.85,"derivative":0,"value":{"coordinate":"minecraft:overworld/ridges","points":[{"location":0,"value":-0.3859836275615388,"derivative":0}]}}]}},{"location":-0.51,"derivative":0,"value":{"coordinate":"minecraft:overworld/erosion","points":[{"location":-0.85,"derivative":0,"value":{"coordinate":"minecraft:overworld/ridges","points":[{"location":0,"value":-0.28300396147228407,"derivative":0}]}}]}},{"location":-0.44,"derivative":0,"value":{"coordinate":"minecraft:overworld/erosion","points":[{"location":-0.85,"derivative":0,"value":{"coordinate":"minecraft:overworld/ridges","points":[{"location":0,"value":-0.12,"derivative":0}]}}]}},{"location":-0.18,"derivative":0,"value":{"coordinate":"minecraft:overworld/erosion","points":[{"location":-0.85,"derivative":0,"value":{"coordinate":"minecraft:overworld/ridges","points":[{"location":0,"value":-0.12,"derivative":0}]}}]}},{"location":-0.16,"derivative":0,"value":{"coordinate":"minecraft:overworld/erosion","points":[{"location":-0.85,"derivative":0,"value":{"coordinate":"minecraft:overworld/ridges","points":[{"location":-1.33333334,"value":-0.2222,"derivative":0},{"location":-1.25000004,"value":-0.2222,"derivative":0},{"location":-1.2166667066666665,"value":0,"derivative":0},{"location":-0.8015151399999999,"value":2.9802322e-8,"derivative":0},{"location":-0.7981818066666666,"value":2.9802322e-8,"derivative":0.7603689},{"location":-0.6666667,"value":0.100000024,"derivative":0.7603689},{"location":-0.6666667,"value":0.100000024,"derivative":-0.7603689},{"location":-0.5351515933333333,"value":2.9802322e-8,"derivative":-0.7603689},{"location":-0.53181826,"value":2.9802322e-8,"derivative":0},{"location":-0.11666669333333335,"value":0,"derivative":0},{"location":-0.08333335999999991,"value":-0.2222,"derivative":0},{"location":0,"value":-0.2222,"derivative":0},{"location":0.08333335999999991,"value":-0.2222,"derivative":0},{"location":0.11666669333333335,"value":0,"derivative":0},{"location":0.53181826,"value":2.9802322e-8,"derivative":0},{"location":0.5351515933333333,"value":2.9802322e-8,"derivative":0.7603689},{"location":0.6666667,"value":0.100000024,"derivative":0.7603689},{"location":0.6666667,"value":0.100000024,"derivative":-0.7603689},{"location":0.7981818066666666,"value":2.9802322e-8,"derivative":-0.7603689},{"location":0.8015151399999999,"value":2.9802322e-8,"derivative":0},{"location":1.2166667066666665,"value":0,"derivative":0},{"location":1.25000004,"value":-0.2222,"derivative":0},{"location":1.33333334,"value":-0.2222,"derivative":0}]}},{"location":-0.7,"derivative":0,"value":{"coordinate":"minecraft:overworld/ridges","points":[{"location":-1.33333334,"value":-0.2222,"derivative":0},{"location":-1.25000004,"value":-0.2222,"derivative":0},{"location":-1.2166667066666665,"value":0,"derivative":0},{"location":-0.8015151399999999,"value":2.9802322e-8,"derivative":0},{"location":-0.7981818066666666,"value":2.9802322e-8,"derivative":0.7603689},{"location":-0.6666667,"value":0.100000024,"derivative":0.7603689},{"location":-0.6666667,"value":0.100000024,"derivative":-0.7603689},{"location":-0.5351515933333333,"value":2.9802322e-8,"derivative":-0.7603689},{"location":-0.53181826,"value":2.9802322e-8,"derivative":0},{"location":-0.11666669333333335,"value":0,"derivative":0},{"location":-0.08333335999999991,"value":-0.2222,"derivative":0},{"location":0,"value":-0.2222,"derivative":0},{"location":0.08333335999999991,"value":-0.2222,"derivative":0},{"location":0.11666669333333335,"value":0,"derivative":0},{"location":0.53181826,"value":2.9802322e-8,"derivative":0},{"location":0.5351515933333333,"value":2.9802322e-8,"derivative":0.7603689},{"location":0.6666667,"value":0.100000024,"derivative":0.7603689},{"location":0.6666667,"value":0.100000024,"derivative":-0.7603689},{"location":0.7981818066666666,"value":2.9802322e-8,"derivative":-0.7603689},{"location":0.8015151399999999,"value":2.9802322e-8,"derivative":0},{"location":1.2166667066666665,"value":0,"derivative":0},{"location":1.25000004,"value":-0.2222,"derivative":0},{"location":1.33333334,"value":-0.2222,"derivative":0}]}},{"location":-0.4,"derivative":0,"value":{"coordinate":"minecraft:overworld/ridges","points":[{"location":-1.33333334,"value":-0.2222,"derivative":0},{"location":-1.25000004,"value":-0.2222,"derivative":0},{"location":-1.2166667066666665,"value":0,"derivative":0},{"location":-0.8015151399999999,"value":2.9802322e-8,"derivative":0},{"location":-0.7981818066666666,"value":2.9802322e-8,"derivative":0.7603689},{"location":-0.6666667,"value":0.100000024,"derivative":0.7603689},{"location":-0.6666667,"value":0.100000024,"derivative":-0.7603689},{"location":-0.5351515933333333,"value":2.9802322e-8,"derivative":-0.7603689},{"location":-0.53181826,"value":2.9802322e-8,"derivative":0},{"location":-0.11666669333333335,"value":0,"derivative":0},{"location":-0.08333335999999991,"value":-0.2222,"derivative":0},{"location":0,"value":-0.2222,"derivative":0},{"location":0.08333335999999991,"value":-0.2222,"derivative":0},{"location":0.11666669333333335,"value":0,"derivative":0},{"location":0.53181826,"value":2.9802322e-8,"derivative":0},{"location":0.5351515933333333,"value":2.9802322e-8,"derivative":0.7603689},{"location":0.6666667,"value":0.100000024,"derivative":0.7603689},{"location":0.6666667,"value":0.100000024,"derivative":-0.7603689},{"location":0.7981818066666666,"value":2.9802322e-8,"derivative":-0.7603689},{"location":0.8015151399999999,"value":2.9802322e-8,"derivative":0},{"location":1.2166667066666665,"value":0,"derivative":0},{"location":1.25000004,"value":-0.2222,"derivative":0},{"location":1.33333334,"value":-0.2222,"derivative":0}]}},{"location":-0.35,"derivative":0,"value":{"coordinate":"minecraft:overworld/ridges","points":[{"location":-1.33333334,"value":-0.3,"derivative":1.5},{"location":-1.1333333733333333,"value":0.05,"derivative":0},{"location":-1.00000004,"value":0.05,"derivative":0},{"location":-0.8666667066666666,"value":0.05,"derivative":0},{"location":-0.6666667,"value":0.060000002,"derivative":0.021000003},{"location":-0.6666667,"value":0.060000002,"derivative":-0.021000003},{"location":-0.4666666933333333,"value":0.05,"derivative":0},{"location":-0.33333335999999997,"value":0.05,"derivative":0},{"location":-0.2000000266666666,"value":0.05,"derivative":0},{"location":0,"value":-0.3,"derivative":-1.5},{"location":0,"value":-0.3,"derivative":1.5},{"location":0.2000000266666666,"value":0.05,"derivative":0},{"location":0.33333335999999997,"value":0.05,"derivative":0},{"location":0.4666666933333333,"value":0.05,"derivative":0},{"location":0.6666667,"value":0.060000002,"derivative":0.021000003},{"location":0.6666667,"value":0.060000002,"derivative":-0.021000003},{"location":0.8666667066666666,"value":0.05,"derivative":0},{"location":1.00000004,"value":0.05,"derivative":0},{"location":1.1333333733333333,"value":0.05,"derivative":0},{"location":1.33333334,"value":-0.3,"derivative":-1.5}]}},{"location":-0.1,"derivative":0,"value":{"coordinate":"minecraft:overworld/ridges","points":[{"location":-1.33333334,"value":-0.15,"derivative":1.5},{"location":-1.1333333733333333,"value":0,"derivative":0},{"location":-1.00000004,"value":0,"derivative":0},{"location":-0.8666667066666666,"value":0.05,"derivative":0.30000000000000004},{"location":-0.6666667,"value":0.060000002,"derivative":0.021000003},{"location":-0.6666667,"value":0.060000002,"derivative":-0.021000003},{"location":-0.4666666933333333,"value":0.05,"derivative":-0.30000000000000004},{"location":-0.33333335999999997,"value":0,"derivative":0},{"location":-0.2000000266666666,"value":0,"derivative":0},{"location":0,"value":-0.15,"derivative":-1.5},{"location":0,"value":-0.15,"derivative":1.5},{"location":0.2000000266666666,"value":0,"derivative":0},{"location":0.33333335999999997,"value":0,"derivative":0},{"location":0.4666666933333333,"value":0.05,"derivative":0.30000000000000004},{"location":0.6666667,"value":0.060000002,"derivative":0.021000003},{"location":0.6666667,"value":0.060000002,"derivative":-0.021000003},{"location":0.8666667066666666,"value":0.05,"derivative":-0.30000000000000004},{"location":1.00000004,"value":0,"derivative":0},{"location":1.1333333733333333,"value":0,"derivative":0},{"location":1.33333334,"value":-0.15,"derivative":-1.5}]}},{"location":0.2,"derivative":0,"value":{"coordinate":"minecraft:overworld/ridges","points":[{"location":-1.33333334,"value":-0.15,"derivative":1.5},{"location":-1.1333333733333333,"value":0,"derivative":0},{"location":-1.00000004,"value":0,"derivative":0},{"location":-0.8666667066666666,"value":0,"derivative":0},{"location":-0.6666667,"value":0,"derivative":0},{"location":-0.4666666933333333,"value":0,"derivative":0},{"location":-0.33333335999999997,"value":0,"derivative":0},{"location":-0.2000000266666666,"value":0,"derivative":0},{"location":0,"value":-0.15,"derivative":-1.5},{"location":0,"value":-0.15,"derivative":1.5},{"location":0.2000000266666666,"value":0,"derivative":0},{"location":0.33333335999999997,"value":0,"derivative":0},{"location":0.4666666933333333,"value":0,"derivative":0},{"location":0.6666667,"value":0,"derivative":0},{"location":0.8666667066666666,"value":0,"derivative":0},{"location":1.00000004,"value":0,"derivative":0},{"location":1.1333333733333333,"value":0,"derivative":0},{"location":1.33333334,"value":-0.15,"derivative":-1.5}]}},{"location":0.7,"derivative":0,"value":{"coordinate":"minecraft:overworld/ridges","points":[{"location":-1.33333334,"value":-0.02,"derivative":0},{"location":-1.1333333733333333,"value":-0.03,"derivative":0},{"location":-1.00000004,"value":-0.03,"derivative":0},{"location":-0.8666667066666666,"value":0,"derivative":0.18},{"location":-0.6666667,"value":0,"derivative":0},{"location":-0.4666666933333333,"value":0,"derivative":-0.18},{"location":-0.33333335999999997,"value":-0.03,"derivative":0},{"location":-0.2000000266666666,"value":-0.03,"derivative":0},{"location":0,"value":-0.02,"derivative":0},{"location":0.2000000266666666,"value":-0.03,"derivative":0},{"location":0.33333335999999997,"value":-0.03,"derivative":0},{"location":0.4666666933333333,"value":0,"derivative":0.18},{"location":0.6666667,"value":0,"derivative":0},{"location":0.8666667066666666,"value":0,"derivative":-0.18},{"location":1.00000004,"value":-0.03,"derivative":0},{"location":1.1333333733333333,"value":-0.03,"derivative":0},{"location":1.33333334,"value":-0.02,"derivative":0}]}}]}},{"location":-0.15,"derivative":0,"value":{"coordinate":"minecraft:overworld/erosion","points":[{"location":-0.85,"derivative":0,"value":{"coordinate":"minecraft:overworld/ridges","points":[{"location":-1.33333334,"value":-0.115760356,"derivative":1.13364066},{"location":-0.6666667,"value":0.45305754646422375,"derivative":1.13364066},{"location":-0.6666667,"value":0.45305754646422375,"derivative":-1.13364066},{"location":0,"value":-0.115760356,"derivative":-1.13364066},{"location":0,"value":-0.115760356,"derivative":1.13364066},{"location":0.6666667,"value":0.45305754646422375,"derivative":1.13364066},{"location":0.6666667,"value":0.45305754646422375,"derivative":-1.13364066},{"location":1.33333334,"value":-0.115760356,"derivative":-1.13364066}]}},{"location":-0.7,"derivative":0,"value":{"coordinate":"minecraft:overworld/ridges","points":[{"location":-1.33333334,"value":-0.115760356,"derivative":1.13364066},{"location":-0.6666667,"value":0.45305754646422375,"derivative":1.13364066},{"location":-0.6666667,"value":0.45305754646422375,"derivative":-1.13364066},{"location":0,"value":-0.115760356,"derivative":-1.13364066},{"location":0,"value":-0.115760356,"derivative":1.13364066},{"location":0.6666667,"value":0.45305754646422375,"derivative":1.13364066},{"location":0.6666667,"value":0.45305754646422375,"derivative":-1.13364066},{"location":1.33333334,"value":-0.115760356,"derivative":-1.13364066}]}},{"location":-0.4,"derivative":0,"value":{"coordinate":"minecraft:overworld/ridges","points":[{"location":-1.33333334,"value":-0.2222,"derivative":0},{"location":-1.25000004,"value":-0.2222,"derivative":0},{"location":-1.2166667066666665,"value":0,"derivative":0},{"location":-0.8015151399999999,"value":2.9802322e-8,"derivative":0},{"location":-0.7981818066666666,"value":2.9802322e-8,"derivative":0.7603689},{"location":-0.6666667,"value":0.100000024,"derivative":0.7603689},{"location":-0.6666667,"value":0.100000024,"derivative":-0.7603689},{"location":-0.5351515933333333,"value":2.9802322e-8,"derivative":-0.7603689},{"location":-0.53181826,"value":2.9802322e-8,"derivative":0},{"location":-0.11666669333333335,"value":0,"derivative":0},{"location":-0.08333335999999991,"value":-0.2222,"derivative":0},{"location":0,"value":-0.2222,"derivative":0},{"location":0.08333335999999991,"value":-0.2222,"derivative":0},{"location":0.11666669333333335,"value":0,"derivative":0},{"location":0.53181826,"value":2.9802322e-8,"derivative":0},{"location":0.5351515933333333,"value":2.9802322e-8,"derivative":0.7603689},{"location":0.6666667,"value":0.100000024,"derivative":0.7603689},{"location":0.6666667,"value":0.100000024,"derivative":-0.7603689},{"location":0.7981818066666666,"value":2.9802322e-8,"derivative":-0.7603689},{"location":0.8015151399999999,"value":2.9802322e-8,"derivative":0},{"location":1.2166667066666665,"value":0,"derivative":0},{"location":1.25000004,"value":-0.2222,"derivative":0},{"location":1.33333334,"value":-0.2222,"derivative":0}]}},{"location":-0.35,"derivative":0,"value":{"coordinate":"minecraft:overworld/ridges","points":[{"location":-1.33333334,"value":-0.3,"derivative":1.5},{"location":-1.1333333733333333,"value":0.05,"derivative":0},{"location":-1.00000004,"value":0.05,"derivative":0},{"location":-0.8666667066666666,"value":0.05,"derivative":0},{"location":-0.6666667,"value":0.060000002,"derivative":0.021000003},{"location":-0.6666667,"value":0.060000002,"derivative":-0.021000003},{"location":-0.4666666933333333,"value":0.05,"derivative":0},{"location":-0.33333335999999997,"value":0.05,"derivative":0},{"location":-0.2000000266666666,"value":0.05,"derivative":0},{"location":0,"value":-0.3,"derivative":-1.5},{"location":0,"value":-0.3,"derivative":1.5},{"location":0.2000000266666666,"value":0.05,"derivative":0},{"location":0.33333335999999997,"value":0.05,"derivative":0},{"location":0.4666666933333333,"value":0.05,"derivative":0},{"location":0.6666667,"value":0.060000002,"derivative":0.021000003},{"location":0.6666667,"value":0.060000002,"derivative":-0.021000003},{"location":0.8666667066666666,"value":0.05,"derivative":0},{"location":1.00000004,"value":0.05,"derivative":0},{"location":1.1333333733333333,"value":0.05,"derivative":0},{"location":1.33333334,"value":-0.3,"derivative":-1.5}]}},{"location":-0.1,"derivative":0,"value":{"coordinate":"minecraft:overworld/ridges","points":[{"location":-1.33333334,"value":-0.15,"derivative":1.5},{"location":-1.1333333733333333,"value":0,"derivative":0},{"location":-1.00000004,"value":0,"derivative":0},{"location":-0.8666667066666666,"value":0.05,"derivative":0.30000000000000004},{"location":-0.6666667,"value":0.060000002,"derivative":0.021000003},{"location":-0.6666667,"value":0.060000002,"derivative":-0.021000003},{"location":-0.4666666933333333,"value":0.05,"derivative":-0.30000000000000004},{"location":-0.33333335999999997,"value":0,"derivative":0},{"location":-0.2000000266666666,"value":0,"derivative":0},{"location":0,"value":-0.15,"derivative":-1.5},{"location":0,"value":-0.15,"derivative":1.5},{"location":0.2000000266666666,"value":0,"derivative":0},{"location":0.33333335999999997,"value":0,"derivative":0},{"location":0.4666666933333333,"value":0.05,"derivative":0.30000000000000004},{"location":0.6666667,"value":0.060000002,"derivative":0.021000003},{"location":0.6666667,"value":0.060000002,"derivative":-0.021000003},{"location":0.8666667066666666,"value":0.05,"derivative":-0.30000000000000004},{"location":1.00000004,"value":0,"derivative":0},{"location":1.1333333733333333,"value":0,"derivative":0},{"location":1.33333334,"value":-0.15,"derivative":-1.5}]}},{"location":0.2,"derivative":0,"value":{"coordinate":"minecraft:overworld/ridges","points":[{"location":-1.33333334,"value":-0.15,"derivative":1.5},{"location":-1.1333333733333333,"value":0,"derivative":0},{"location":-1.00000004,"value":0,"derivative":0},{"location":-0.8666667066666666,"value":0,"derivative":0},{"location":-0.6666667,"value":0,"derivative":0},{"location":-0.4666666933333333,"value":0,"derivative":0},{"location":-0.33333335999999997,"value":0,"derivative":0},{"location":-0.2000000266666666,"value":0,"derivative":0},{"location":0,"value":-0.15,"derivative":-1.5},{"location":0,"value":-0.15,"derivative":1.5},{"location":0.2000000266666666,"value":0,"derivative":0},{"location":0.33333335999999997,"value":0,"derivative":0},{"location":0.4666666933333333,"value":0,"derivative":0},{"location":0.6666667,"value":0,"derivative":0},{"location":0.8666667066666666,"value":0,"derivative":0},{"location":1.00000004,"value":0,"derivative":0},{"location":1.1333333733333333,"value":0,"derivative":0},{"location":1.33333334,"value":-0.15,"derivative":-1.5}]}},{"location":0.7,"derivative":0,"value":{"coordinate":"minecraft:overworld/ridges","points":[{"location":-1.33333334,"value":-0.02,"derivative":0},{"location":-1.1333333733333333,"value":-0.03,"derivative":0},{"location":-1.00000004,"value":-0.03,"derivative":0},{"location":-0.8666667066666666,"value":0,"derivative":0.18},{"location":-0.6666667,"value":0,"derivative":0},{"location":-0.4666666933333333,"value":0,"derivative":-0.18},{"location":-0.33333335999999997,"value":-0.03,"derivative":0},{"location":-0.2000000266666666,"value":-0.03,"derivative":0},{"location":0,"value":-0.02,"derivative":0},{"location":0.2000000266666666,"value":-0.03,"derivative":0},{"location":0.33333335999999997,"value":-0.03,"derivative":0},{"location":0.4666666933333333,"value":0,"derivative":0.18},{"location":0.6666667,"value":0,"derivative":0},{"location":0.8666667066666666,"value":0,"derivative":-0.18},{"location":1.00000004,"value":-0.03,"derivative":0},{"location":1.1333333733333333,"value":-0.03,"derivative":0},{"location":1.33333334,"value":-0.02,"derivative":0}]}}]}},{"location":-0.1,"derivative":0,"value":{"coordinate":"minecraft:overworld/erosion","points":[{"location":-0.85,"derivative":0,"value":{"coordinate":"minecraft:overworld/ridges","points":[{"location":-1.33333334,"value":-0.115760356,"derivative":1.13364066},{"location":-0.6666667,"value":0.45305754646422375,"derivative":1.13364066},{"location":-0.6666667,"value":0.45305754646422375,"derivative":-1.13364066},{"location":0,"value":-0.115760356,"derivative":-1.13364066},{"location":0,"value":-0.115760356,"derivative":1.13364066},{"location":0.6666667,"value":0.45305754646422375,"derivative":1.13364066},{"location":0.6666667,"value":0.45305754646422375,"derivative":-1.13364066},{"location":1.33333334,"value":-0.115760356,"derivative":-1.13364066}]}},{"location":-0.7,"derivative":0,"value":{"coordinate":"minecraft:overworld/ridges","points":[{"location":-1.33333334,"value":-0.115760356,"derivative":1.13364066},{"location":-0.6666667,"value":0.45305754646422375,"derivative":1.13364066},{"location":-0.6666667,"value":0.45305754646422375,"derivative":-1.13364066},{"location":0,"value":-0.115760356,"derivative":-1.13364066},{"location":0,"value":-0.115760356,"derivative":1.13364066},{"location":0.6666667,"value":0.45305754646422375,"derivative":1.13364066},{"location":0.6666667,"value":0.45305754646422375,"derivative":-1.13364066},{"location":1.33333334,"value":-0.115760356,"derivative":-1.13364066}]}},{"location":-0.4,"derivative":0,"value":{"coordinate":"minecraft:overworld/ridges","points":[{"location":-1.33333334,"value":-0.2222,"derivative":0},{"location":-1.25000004,"value":-0.2222,"derivative":0},{"location":-1.2166667066666665,"value":0,"derivative":0},{"location":-0.8015151399999999,"value":2.9802322e-8,"derivative":0},{"location":-0.7981818066666666,"value":2.9802322e-8,"derivative":0.7603689},{"location":-0.6666667,"value":0.100000024,"derivative":0.7603689},{"location":-0.6666667,"value":0.100000024,"derivative":-0.7603689},{"location":-0.5351515933333333,"value":2.9802322e-8,"derivative":-0.7603689},{"location":-0.53181826,"value":2.9802322e-8,"derivative":0},{"location":-0.11666669333333335,"value":0,"derivative":0},{"location":-0.08333335999999991,"value":-0.2222,"derivative":0},{"location":0,"value":-0.2222,"derivative":0},{"location":0.08333335999999991,"value":-0.2222,"derivative":0},{"location":0.11666669333333335,"value":0,"derivative":0},{"location":0.53181826,"value":2.9802322e-8,"derivative":0},{"location":0.5351515933333333,"value":2.9802322e-8,"derivative":0.7603689},{"location":0.6666667,"value":0.100000024,"derivative":0.7603689},{"location":0.6666667,"value":0.100000024,"derivative":-0.7603689},{"location":0.7981818066666666,"value":2.9802322e-8,"derivative":-0.7603689},{"location":0.8015151399999999,"value":2.9802322e-8,"derivative":0},{"location":1.2166667066666665,"value":0,"derivative":0},{"location":1.25000004,"value":-0.2222,"derivative":0},{"location":1.33333334,"value":-0.2222,"derivative":0}]}},{"location":-0.35,"derivative":0,"value":{"coordinate":"minecraft:overworld/ridges","points":[{"location":-1.33333334,"value":-0.25,"derivative":1.5},{"location":-1.1333333733333333,"value":0.05,"derivative":0},{"location":-1.00000004,"value":0.05,"derivative":0},{"location":-0.8666667066666666,"value":0.05,"derivative":0},{"location":-0.6666667,"value":0.060000002,"derivative":0.021000003},{"location":-0.6666667,"value":0.060000002,"derivative":-0.021000003},{"location":-0.4666666933333333,"value":0.05,"derivative":0},{"location":-0.33333335999999997,"value":0.05,"derivative":0},{"location":-0.2000000266666666,"value":0.05,"derivative":0},{"location":0,"value":-0.25,"derivative":-1.5},{"location":0,"value":-0.25,"derivative":1.5},{"location":0.2000000266666666,"value":0.05,"derivative":0},{"location":0.33333335999999997,"value":0.05,"derivative":0},{"location":0.4666666933333333,"value":0.05,"derivative":0},{"location":0.6666667,"value":0.060000002,"derivative":0.021000003},{"location":0.6666667,"value":0.060000002,"derivative":-0.021000003},{"location":0.8666667066666666,"value":0.05,"derivative":0},{"location":1.00000004,"value":0.05,"derivative":0},{"location":1.1333333733333333,"value":0.05,"derivative":0},{"location":1.33333334,"value":-0.25,"derivative":-1.5}]}},{"location":-0.1,"derivative":0,"value":{"coordinate":"minecraft:overworld/ridges","points":[{"location":-1.33333334,"value":-0.1,"derivative":1.5},{"location":-1.1333333733333333,"value":0.001,"derivative":0.03},{"location":-1.00000004,"value":0.003,"derivative":0.03},{"location":-0.8666667066666666,"value":0.05,"derivative":0.282000012},{"location":-0.6666667,"value":0.060000002,"derivative":0.021000003},{"location":-0.6666667,"value":0.060000002,"derivative":-0.021000003},{"location":-0.4666666933333333,"value":0.05,"derivative":-0.282000012},{"location":-0.33333335999999997,"value":0.003,"derivative":-0.03},{"location":-0.2000000266666666,"value":0.001,"derivative":-0.03},{"location":0,"value":-0.1,"derivative":-1.5},{"location":0,"value":-0.1,"derivative":1.5},{"location":0.2000000266666666,"value":0.001,"derivative":0.03},{"location":0.33333335999999997,"value":0.003,"derivative":0.03},{"location":0.4666666933333333,"value":0.05,"derivative":0.282000012},{"location":0.6666667,"value":0.060000002,"derivative":0.021000003},{"location":0.6666667,"value":0.060000002,"derivative":-0.021000003},{"location":0.8666667066666666,"value":0.05,"derivative":-0.282000012},{"location":1.00000004,"value":0.003,"derivative":-0.03},{"location":1.1333333733333333,"value":0.001,"derivative":-0.03},{"location":1.33333334,"value":-0.1,"derivative":-1.5}]}},{"location":0.2,"derivative":0,"value":{"coordinate":"minecraft:overworld/ridges","points":[{"location":-1.33333334,"value":-0.1,"derivative":1.5},{"location":-1.1333333733333333,"value":0.01,"derivative":0},{"location":-1.00000004,"value":0.01,"derivative":0},{"location":-0.8666667066666666,"value":0.03,"derivative":0.12},{"location":-0.6666667,"value":0.1,"derivative":0.14700000000000002},{"location":-0.6666667,"value":0.1,"derivative":-0.14700000000000002},{"location":-0.4666666933333333,"value":0.03,"derivative":-0.12},{"location":-0.33333335999999997,"value":0.01,"derivative":0},{"location":-0.2000000266666666,"value":0.01,"derivative":0},{"location":0,"value":-0.1,"derivative":-1.5},{"location":0,"value":-0.1,"derivative":1.5},{"location":0.2000000266666666,"value":0.01,"derivative":0},{"location":0.33333335999999997,"value":0.01,"derivative":0},{"location":0.4666666933333333,"value":0.03,"derivative":0.12},{"location":0.6666667,"value":0.1,"derivative":0.14700000000000002},{"location":0.6666667,"value":0.1,"derivative":-0.14700000000000002},{"location":0.8666667066666666,"value":0.03,"derivative":-0.12},{"location":1.00000004,"value":0.01,"derivative":0},{"location":1.1333333733333333,"value":0.01,"derivative":0},{"location":1.33333334,"value":-0.1,"derivative":-1.5}]}},{"location":0.7,"derivative":0,"value":{"coordinate":"minecraft:overworld/ridges","points":[{"location":-1.33333334,"value":-0.02,"derivative":0},{"location":-1.1333333733333333,"value":-0.03,"derivative":0},{"location":-1.00000004,"value":-0.03,"derivative":0},{"location":-0.8666667066666666,"value":0.03,"derivative":0.36},{"location":-0.6666667,"value":0.1,"derivative":0.14700000000000002},{"location":-0.6666667,"value":0.1,"derivative":-0.14700000000000002},{"location":-0.4666666933333333,"value":0.03,"derivative":-0.36},{"location":-0.33333335999999997,"value":-0.03,"derivative":0},{"location":-0.2000000266666666,"value":-0.03,"derivative":0},{"location":0,"value":-0.02,"derivative":0},{"location":0.2000000266666666,"value":-0.03,"derivative":0},{"location":0.33333335999999997,"value":-0.03,"derivative":0},{"location":0.4666666933333333,"value":0.03,"derivative":0.36},{"location":0.6666667,"value":0.1,"derivative":0.14700000000000002},{"location":0.6666667,"value":0.1,"derivative":-0.14700000000000002},{"location":0.8666667066666666,"value":0.03,"derivative":-0.36},{"location":1.00000004,"value":-0.03,"derivative":0},{"location":1.1333333733333333,"value":-0.03,"derivative":0},{"location":1.33333334,"value":-0.02,"derivative":0}]}}]}},{"location":0.25,"derivative":0,"value":{"coordinate":"minecraft:overworld/erosion","points":[{"location":-0.85,"derivative":0,"value":{"coordinate":"minecraft:overworld/ridges","points":[{"location":-1.33333334,"value":0.2,"derivative":0},{"location":-1.00000004,"value":0.30829495,"derivative":1.1751152999999999},{"location":-0.6666667,"value":0.70000005,"derivative":1.1751152999999999},{"location":-0.6666667,"value":0.70000005,"derivative":-1.1751152999999999},{"location":-0.33333335999999997,"value":0.30829495,"derivative":-1.1751152999999999},{"location":0,"value":0.2,"derivative":0},{"location":0.33333335999999997,"value":0.30829495,"derivative":1.1751152999999999},{"location":0.6666667,"value":0.70000005,"derivative":1.1751152999999999},{"location":0.6666667,"value":0.70000005,"derivative":-1.1751152999999999},{"location":1.00000004,"value":0.30829495,"derivative":-1.1751152999999999},{"location":1.33333334,"value":0.2,"derivative":0}]}},{"location":-0.7,"derivative":0,"value":{"coordinate":"minecraft:overworld/ridges","points":[{"location":-1.33333334,"value":0.2,"derivative":0},{"location":-1.00000004,"value":0.30829495,"derivative":1.1751152999999999},{"location":-0.6666667,"value":0.70000005,"derivative":1.1751152999999999},{"location":-0.6666667,"value":0.70000005,"derivative":-1.1751152999999999},{"location":-0.33333335999999997,"value":0.30829495,"derivative":-1.1751152999999999},{"location":0,"value":0.2,"derivative":0},{"location":0.33333335999999997,"value":0.30829495,"derivative":1.1751152999999999},{"location":0.6666667,"value":0.70000005,"derivative":1.1751152999999999},{"location":0.6666667,"value":0.70000005,"derivative":-1.1751152999999999},{"location":1.00000004,"value":0.30829495,"derivative":-1.1751152999999999},{"location":1.33333334,"value":0.2,"derivative":0}]}},{"location":-0.4,"derivative":0,"value":{"coordinate":"minecraft:overworld/ridges","points":[{"location":-1.33333334,"value":0.2,"derivative":0},{"location":-1.00000004,"value":0.30829495,"derivative":1.1751152999999999},{"location":-0.6666667,"value":0.70000005,"derivative":1.1751152999999999},{"location":-0.6666667,"value":0.70000005,"derivative":-1.1751152999999999},{"location":-0.33333335999999997,"value":0.30829495,"derivative":-1.1751152999999999},{"location":0,"value":0.2,"derivative":0},{"location":0.33333335999999997,"value":0.30829495,"derivative":1.1751152999999999},{"location":0.6666667,"value":0.70000005,"derivative":1.1751152999999999},{"location":0.6666667,"value":0.70000005,"derivative":-1.1751152999999999},{"location":1.00000004,"value":0.30829495,"derivative":-1.1751152999999999},{"location":1.33333334,"value":0.2,"derivative":0}]}},{"location":-0.35,"derivative":0,"value":{"coordinate":"minecraft:overworld/ridges","points":[{"location":-1.33333334,"value":-0.25,"derivative":1.5},{"location":-1.1333333733333333,"value":0.35,"derivative":0},{"location":-1.00000004,"value":0.35,"derivative":0},{"location":-0.8666667066666666,"value":0.35,"derivative":0},{"location":-0.6666667,"value":0.42000002,"derivative":0.147000042},{"location":-0.6666667,"value":0.42000002,"derivative":-0.147000042},{"location":-0.4666666933333333,"value":0.35,"derivative":0},{"location":-0.33333335999999997,"value":0.35,"derivative":0},{"location":-0.2000000266666666,"value":0.35,"derivative":0},{"location":0,"value":-0.25,"derivative":-1.5},{"location":0,"value":-0.25,"derivative":1.5},{"location":0.2000000266666666,"value":0.35,"derivative":0},{"location":0.33333335999999997,"value":0.35,"derivative":0},{"location":0.4666666933333333,"value":0.35,"derivative":0},{"location":0.6666667,"value":0.42000002,"derivative":0.147000042},{"location":0.6666667,"value":0.42000002,"derivative":-0.147000042},{"location":0.8666667066666666,"value":0.35,"derivative":0},{"location":1.00000004,"value":0.35,"derivative":0},{"location":1.1333333733333333,"value":0.35,"derivative":0},{"location":1.33333334,"value":-0.25,"derivative":-1.5}]}},{"location":-0.1,"derivative":0,"value":{"coordinate":"minecraft:overworld/ridges","points":[{"location":-1.33333334,"value":-0.1,"derivative":1.5},{"location":-1.1333333733333333,"value":0.0069999998,"derivative":0.21000000000000002},{"location":-1.00000004,"value":0.021,"derivative":0.21000000000000002},{"location":-0.8666667066666666,"value":0.35,"derivative":1.9740000000000002},{"location":-0.6666667,"value":0.42000002,"derivative":0.147000042},{"location":-0.6666667,"value":0.42000002,"derivative":-0.147000042},{"location":-0.4666666933333333,"value":0.35,"derivative":-1.9740000000000002},{"location":-0.33333335999999997,"value":0.021,"derivative":-0.21000000000000002},{"location":-0.2000000266666666,"value":0.0069999998,"derivative":-0.21000000000000002},{"location":0,"value":-0.1,"derivative":-1.5},{"location":0,"value":-0.1,"derivative":1.5},{"location":0.2000000266666666,"value":0.0069999998,"derivative":0.21000000000000002},{"location":0.33333335999999997,"value":0.021,"derivative":0.21000000000000002},{"location":0.4666666933333333,"value":0.35,"derivative":1.9740000000000002},{"location":0.6666667,"value":0.42000002,"derivative":0.147000042},{"location":0.6666667,"value":0.42000002,"derivative":-0.147000042},{"location":0.8666667066666666,"value":0.35,"derivative":-1.9740000000000002},{"location":1.00000004,"value":0.021,"derivative":-0.21000000000000002},{"location":1.1333333733333333,"value":0.0069999998,"derivative":-0.21000000000000002},{"location":1.33333334,"value":-0.1,"derivative":-1.5}]}},{"location":0.2,"derivative":0,"value":{"coordinate":"minecraft:overworld/ridges","points":[{"location":-1.33333334,"value":-0.1,"derivative":1.5},{"location":-1.1333333733333333,"value":0.01,"derivative":0},{"location":-1.00000004,"value":0.01,"derivative":0},{"location":-0.8666667066666666,"value":0.03,"derivative":0.12},{"location":-0.6666667,"value":0.1,"derivative":0.14700000000000002},{"location":-0.6666667,"value":0.1,"derivative":-0.14700000000000002},{"location":-0.4666666933333333,"value":0.03,"derivative":-0.12},{"location":-0.33333335999999997,"value":0.01,"derivative":0},{"location":-0.2000000266666666,"value":0.01,"derivative":0},{"location":0,"value":-0.1,"derivative":-1.5},{"location":0,"value":-0.1,"derivative":1.5},{"location":0.2000000266666666,"value":0.01,"derivative":0},{"location":0.33333335999999997,"value":0.01,"derivative":0},{"location":0.4666666933333333,"value":0.03,"derivative":0.12},{"location":0.6666667,"value":0.1,"derivative":0.14700000000000002},{"location":0.6666667,"value":0.1,"derivative":-0.14700000000000002},{"location":0.8666667066666666,"value":0.03,"derivative":-0.12},{"location":1.00000004,"value":0.01,"derivative":0},{"location":1.1333333733333333,"value":0.01,"derivative":0},{"location":1.33333334,"value":-0.1,"derivative":-1.5}]}},{"location":0.4,"derivative":0,"value":{"coordinate":"minecraft:overworld/ridges","points":[{"location":-1.33333334,"value":-0.1,"derivative":1.5},{"location":-1.1333333733333333,"value":0.01,"derivative":0},{"location":-1.00000004,"value":0.01,"derivative":0},{"location":-0.8666667066666666,"value":0.03,"derivative":0.12},{"location":-0.6666667,"value":0.1,"derivative":0.14700000000000002},{"location":-0.6666667,"value":0.1,"derivative":-0.14700000000000002},{"location":-0.4666666933333333,"value":0.03,"derivative":-0.12},{"location":-0.33333335999999997,"value":0.01,"derivative":0},{"location":-0.2000000266666666,"value":0.01,"derivative":0},{"location":0,"value":-0.1,"derivative":-1.5},{"location":0,"value":-0.1,"derivative":1.5},{"location":0.2000000266666666,"value":0.01,"derivative":0},{"location":0.33333335999999997,"value":0.01,"derivative":0},{"location":0.4666666933333333,"value":0.03,"derivative":0.12},{"location":0.6666667,"value":0.1,"derivative":0.14700000000000002},{"location":0.6666667,"value":0.1,"derivative":-0.14700000000000002},{"location":0.8666667066666666,"value":0.03,"derivative":-0.12},{"location":1.00000004,"value":0.01,"derivative":0},{"location":1.1333333733333333,"value":0.01,"derivative":0},{"location":1.33333334,"value":-0.1,"derivative":-1.5}]}},{"location":0.45,"derivative":0,"value":{"coordinate":"minecraft:overworld/ridges","points":[{"location":-1.33333334,"value":-0.1,"derivative":0},{"location":-1.1333333733333333,"value":0.01,"derivative":0},{"location":-1.00000004,"value":0.17,"derivative":0},{"location":-0.33333335999999997,"value":0.17,"derivative":0},{"location":-0.2000000266666666,"value":0.01,"derivative":0},{"location":0,"value":-0.1,"derivative":0},{"location":0.2000000266666666,"value":0.01,"derivative":0},{"location":0.33333335999999997,"value":0.17,"derivative":0},{"location":1.00000004,"value":0.17,"derivative":0},{"location":1.1333333733333333,"value":0.01,"derivative":0},{"location":1.33333334,"value":-0.1,"derivative":0}]}},{"location":0.55,"derivative":0,"value":{"coordinate":"minecraft:overworld/ridges","points":[{"location":-1.33333334,"value":-0.1,"derivative":0},{"location":-1.1333333733333333,"value":0.01,"derivative":0},{"location":-1.00000004,"value":0.17,"derivative":0},{"location":-0.33333335999999997,"value":0.17,"derivative":0},{"location":-0.2000000266666666,"value":0.01,"derivative":0},{"location":0,"value":-0.1,"derivative":0},{"location":0.2000000266666666,"value":0.01,"derivative":0},{"location":0.33333335999999997,"value":0.17,"derivative":0},{"location":1.00000004,"value":0.17,"derivative":0},{"location":1.1333333733333333,"value":0.01,"derivative":0},{"location":1.33333334,"value":-0.1,"derivative":0}]}},{"location":0.58,"derivative":0,"value":{"coordinate":"minecraft:overworld/ridges","points":[{"location":-1.33333334,"value":-0.1,"derivative":1.5},{"location":-1.1333333733333333,"value":0.01,"derivative":0},{"location":-1.00000004,"value":0.01,"derivative":0},{"location":-0.8666667066666666,"value":0.03,"derivative":0.12},{"location":-0.6666667,"value":0.1,"derivative":0.14700000000000002},{"location":-0.6666667,"value":0.1,"derivative":-0.14700000000000002},{"location":-0.4666666933333333,"value":0.03,"derivative":-0.12},{"location":-0.33333335999999997,"value":0.01,"derivative":0},{"location":-0.2000000266666666,"value":0.01,"derivative":0},{"location":0,"value":-0.1,"derivative":-1.5},{"location":0,"value":-0.1,"derivative":1.5},{"location":0.2000000266666666,"value":0.01,"derivative":0},{"location":0.33333335999999997,"value":0.01,"derivative":0},{"location":0.4666666933333333,"value":0.03,"derivative":0.12},{"location":0.6666667,"value":0.1,"derivative":0.14700000000000002},{"location":0.6666667,"value":0.1,"derivative":-0.14700000000000002},{"location":0.8666667066666666,"value":0.03,"derivative":-0.12},{"location":1.00000004,"value":0.01,"derivative":0},{"location":1.1333333733333333,"value":0.01,"derivative":0},{"location":1.33333334,"value":-0.1,"derivative":-1.5}]}},{"location":0.7,"derivative":0,"value":{"coordinate":"minecraft:overworld/ridges","points":[{"location":-1.33333334,"value":-0.02,"derivative":0},{"location":-1.1333333733333333,"value":-0.03,"derivative":0},{"location":-1.00000004,"value":-0.03,"derivative":0},{"location":-0.8666667066666666,"value":0.03,"derivative":0.36},{"location":-0.6666667,"value":0.1,"derivative":0.14700000000000002},{"location":-0.6666667,"value":0.1,"derivative":-0.14700000000000002},{"location":-0.4666666933333333,"value":0.03,"derivative":-0.36},{"location":-0.33333335999999997,"value":-0.03,"derivative":0},{"location":-0.2000000266666666,"value":-0.03,"derivative":0},{"location":0,"value":-0.02,"derivative":0},{"location":0.2000000266666666,"value":-0.03,"derivative":0},{"location":0.33333335999999997,"value":-0.03,"derivative":0},{"location":0.4666666933333333,"value":0.03,"derivative":0.36},{"location":0.6666667,"value":0.1,"derivative":0.14700000000000002},{"location":0.6666667,"value":0.1,"derivative":-0.14700000000000002},{"location":0.8666667066666666,"value":0.03,"derivative":-0.36},{"location":1.00000004,"value":-0.03,"derivative":0},{"location":1.1333333733333333,"value":-0.03,"derivative":0},{"location":1.33333334,"value":-0.02,"derivative":0}]}}]}},{"location":1,"derivative":0,"value":{"coordinate":"minecraft:overworld/erosion","points":[{"location":-0.85,"derivative":0,"value":{"coordinate":"minecraft:overworld/ridges","points":[{"location":-1.33333334,"value":0.2,"derivative":0},{"location":-1.00000004,"value":0.30829495,"derivative":1.1751152999999999},{"location":-0.6666667,"value":0.70000005,"derivative":1.1751152999999999},{"location":-0.6666667,"value":0.70000005,"derivative":-1.1751152999999999},{"location":-0.33333335999999997,"value":0.30829495,"derivative":-1.1751152999999999},{"location":0,"value":0.2,"derivative":0},{"location":0.33333335999999997,"value":0.30829495,"derivative":1.1751152999999999},{"location":0.6666667,"value":0.70000005,"derivative":1.1751152999999999},{"location":0.6666667,"value":0.70000005,"derivative":-1.1751152999999999},{"location":1.00000004,"value":0.30829495,"derivative":-1.1751152999999999},{"location":1.33333334,"value":0.2,"derivative":0}]}},{"location":-0.7,"derivative":0,"value":{"coordinate":"minecraft:overworld/ridges","points":[{"location":-1.33333334,"value":0.2,"derivative":0},{"location":-1.00000004,"value":0.30829495,"derivative":1.1751152999999999},{"location":-0.6666667,"value":0.70000005,"derivative":1.1751152999999999},{"location":-0.6666667,"value":0.70000005,"derivative":-1.1751152999999999},{"location":-0.33333335999999997,"value":0.30829495,"derivative":-1.1751152999999999},{"location":0,"value":0.2,"derivative":0},{"location":0.33333335999999997,"value":0.30829495,"derivative":1.1751152999999999},{"location":0.6666667,"value":0.70000005,"derivative":1.1751152999999999},{"location":0.6666667,"value":0.70000005,"derivative":-1.1751152999999999},{"location":1.00000004,"value":0.30829495,"derivative":-1.1751152999999999},{"location":1.33333334,"value":0.2,"derivative":0}]}},{"location":-0.4,"derivative":0,"value":{"coordinate":"minecraft:overworld/ridges","points":[{"location":-1.33333334,"value":0.2,"derivative":0},{"location":-1.00000004,"value":0.30829495,"derivative":1.1751152999999999},{"location":-0.6666667,"value":0.70000005,"derivative":1.1751152999999999},{"location":-0.6666667,"value":0.70000005,"derivative":-1.1751152999999999},{"location":-0.33333335999999997,"value":0.30829495,"derivative":-1.1751152999999999},{"location":0,"value":0.2,"derivative":0},{"location":0.33333335999999997,"value":0.30829495,"derivative":1.1751152999999999},{"location":0.6666667,"value":0.70000005,"derivative":1.1751152999999999},{"location":0.6666667,"value":0.70000005,"derivative":-1.1751152999999999},{"location":1.00000004,"value":0.30829495,"derivative":-1.1751152999999999},{"location":1.33333334,"value":0.2,"derivative":0}]}},{"location":-0.35,"derivative":0,"value":{"coordinate":"minecraft:overworld/ridges","points":[{"location":-1.33333334,"value":-0.2,"derivative":1.5},{"location":-1.1333333733333333,"value":0.5,"derivative":0},{"location":-1.00000004,"value":0.5,"derivative":0},{"location":-0.8666667066666666,"value":0.5,"derivative":0},{"location":-0.6666667,"value":0.6,"derivative":0.210000045},{"location":-0.6666667,"value":0.6,"derivative":-0.210000045},{"location":-0.4666666933333333,"value":0.5,"derivative":0},{"location":-0.33333335999999997,"value":0.5,"derivative":0},{"location":-0.2000000266666666,"value":0.5,"derivative":0},{"location":0,"value":-0.2,"derivative":-1.5},{"location":0,"value":-0.2,"derivative":1.5},{"location":0.2000000266666666,"value":0.5,"derivative":0},{"location":0.33333335999999997,"value":0.5,"derivative":0},{"location":0.4666666933333333,"value":0.5,"derivative":0},{"location":0.6666667,"value":0.6,"derivative":0.210000045},{"location":0.6666667,"value":0.6,"derivative":-0.210000045},{"location":0.8666667066666666,"value":0.5,"derivative":0},{"location":1.00000004,"value":0.5,"derivative":0},{"location":1.1333333733333333,"value":0.5,"derivative":0},{"location":1.33333334,"value":-0.2,"derivative":-1.5}]}},{"location":-0.1,"derivative":0,"value":{"coordinate":"minecraft:overworld/ridges","points":[{"location":-1.33333334,"value":-0.05,"derivative":1.5},{"location":-1.1333333733333333,"value":0.01,"derivative":0.299999982},{"location":-1.00000004,"value":0.03,"derivative":0.299999982},{"location":-0.8666667066666666,"value":0.5,"derivative":2.82},{"location":-0.6666667,"value":0.6,"derivative":0.210000045},{"location":-0.6666667,"value":0.6,"derivative":-0.210000045},{"location":-0.4666666933333333,"value":0.5,"derivative":-2.82},{"location":-0.33333335999999997,"value":0.03,"derivative":-0.299999982},{"location":-0.2000000266666666,"value":0.01,"derivative":-0.299999982},{"location":0,"value":-0.05,"derivative":-1.5},{"location":0,"value":-0.05,"derivative":1.5},{"location":0.2000000266666666,"value":0.01,"derivative":0.299999982},{"location":0.33333335999999997,"value":0.03,"derivative":0.299999982},{"location":0.4666666933333333,"value":0.5,"derivative":2.82},{"location":0.6666667,"value":0.6,"derivative":0.210000045},{"location":0.6666667,"value":0.6,"derivative":-0.210000045},{"location":0.8666667066666666,"value":0.5,"derivative":-2.82},{"location":1.00000004,"value":0.03,"derivative":-0.299999982},{"location":1.1333333733333333,"value":0.01,"derivative":-0.299999982},{"location":1.33333334,"value":-0.05,"derivative":-1.5}]}},{"location":0.2,"derivative":0,"value":{"coordinate":"minecraft:overworld/ridges","points":[{"location":-1.33333334,"value":-0.05,"derivative":1.5},{"location":-1.1333333733333333,"value":0.01,"derivative":0},{"location":-1.00000004,"value":0.01,"derivative":0},{"location":-0.8666667066666666,"value":0.03,"derivative":0.12},{"location":-0.6666667,"value":0.1,"derivative":0.14700000000000002},{"location":-0.6666667,"value":0.1,"derivative":-0.14700000000000002},{"location":-0.4666666933333333,"value":0.03,"derivative":-0.12},{"location":-0.33333335999999997,"value":0.01,"derivative":0},{"location":-0.2000000266666666,"value":0.01,"derivative":0},{"location":0,"value":-0.05,"derivative":-1.5},{"location":0,"value":-0.05,"derivative":1.5},{"location":0.2000000266666666,"value":0.01,"derivative":0},{"location":0.33333335999999997,"value":0.01,"derivative":0},{"location":0.4666666933333333,"value":0.03,"derivative":0.12},{"location":0.6666667,"value":0.1,"derivative":0.14700000000000002},{"location":0.6666667,"value":0.1,"derivative":-0.14700000000000002},{"location":0.8666667066666666,"value":0.03,"derivative":-0.12},{"location":1.00000004,"value":0.01,"derivative":0},{"location":1.1333333733333333,"value":0.01,"derivative":0},{"location":1.33333334,"value":-0.05,"derivative":-1.5}]}},{"location":0.4,"derivative":0,"value":{"coordinate":"minecraft:overworld/ridges","points":[{"location":-1.33333334,"value":-0.05,"derivative":1.5},{"location":-1.1333333733333333,"value":0.01,"derivative":0},{"location":-1.00000004,"value":0.01,"derivative":0},{"location":-0.8666667066666666,"value":0.03,"derivative":0.12},{"location":-0.6666667,"value":0.1,"derivative":0.14700000000000002},{"location":-0.6666667,"value":0.1,"derivative":-0.14700000000000002},{"location":-0.4666666933333333,"value":0.03,"derivative":-0.12},{"location":-0.33333335999999997,"value":0.01,"derivative":0},{"location":-0.2000000266666666,"value":0.01,"derivative":0},{"location":0,"value":-0.05,"derivative":-1.5},{"location":0,"value":-0.05,"derivative":1.5},{"location":0.2000000266666666,"value":0.01,"derivative":0},{"location":0.33333335999999997,"value":0.01,"derivative":0},{"location":0.4666666933333333,"value":0.03,"derivative":0.12},{"location":0.6666667,"value":0.1,"derivative":0.14700000000000002},{"location":0.6666667,"value":0.1,"derivative":-0.14700000000000002},{"location":0.8666667066666666,"value":0.03,"derivative":-0.12},{"location":1.00000004,"value":0.01,"derivative":0},{"location":1.1333333733333333,"value":0.01,"derivative":0},{"location":1.33333334,"value":-0.05,"derivative":-1.5}]}},{"location":0.45,"derivative":0,"value":{"coordinate":"minecraft:overworld/ridges","points":[{"location":-1.33333334,"value":-0.05,"derivative":0},{"location":-1.1333333733333333,"value":0.01,"derivative":0},{"location":-1.00000004,"value":0.17,"derivative":0},{"location":-0.33333335999999997,"value":0.17,"derivative":0},{"location":-0.2000000266666666,"value":0.01,"derivative":0},{"location":0,"value":-0.05,"derivative":0},{"location":0.2000000266666666,"value":0.01,"derivative":0},{"location":0.33333335999999997,"value":0.17,"derivative":0},{"location":1.00000004,"value":0.17,"derivative":0},{"location":1.1333333733333333,"value":0.01,"derivative":0},{"location":1.33333334,"value":-0.05,"derivative":0}]}},{"location":0.55,"derivative":0,"value":{"coordinate":"minecraft:overworld/ridges","points":[{"location":-1.33333334,"value":-0.05,"derivative":0},{"location":-1.1333333733333333,"value":0.01,"derivative":0},{"location":-1.00000004,"value":0.17,"derivative":0},{"location":-0.33333335999999997,"value":0.17,"derivative":0},{"location":-0.2000000266666666,"value":0.01,"derivative":0},{"location":0,"value":-0.05,"derivative":0},{"location":0.2000000266666666,"value":0.01,"derivative":0},{"location":0.33333335999999997,"value":0.17,"derivative":0},{"location":1.00000004,"value":0.17,"derivative":0},{"location":1.1333333733333333,"value":0.01,"derivative":0},{"location":1.33333334,"value":-0.05,"derivative":0}]}},{"location":0.58,"derivative":0,"value":{"coordinate":"minecraft:overworld/ridges","points":[{"location":-1.33333334,"value":-0.05,"derivative":1.5},{"location":-1.1333333733333333,"value":0.01,"derivative":0},{"location":-1.00000004,"value":0.01,"derivative":0},{"location":-0.8666667066666666,"value":0.03,"derivative":0.12},{"location":-0.6666667,"value":0.1,"derivative":0.14700000000000002},{"location":-0.6666667,"value":0.1,"derivative":-0.14700000000000002},{"location":-0.4666666933333333,"value":0.03,"derivative":-0.12},{"location":-0.33333335999999997,"value":0.01,"derivative":0},{"location":-0.2000000266666666,"value":0.01,"derivative":0},{"location":0,"value":-0.05,"derivative":-1.5},{"location":0,"value":-0.05,"derivative":1.5},{"location":0.2000000266666666,"value":0.01,"derivative":0},{"location":0.33333335999999997,"value":0.01,"derivative":0},{"location":0.4666666933333333,"value":0.03,"derivative":0.12},{"location":0.6666667,"value":0.1,"derivative":0.14700000000000002},{"location":0.6666667,"value":0.1,"derivative":-0.14700000000000002},{"location":0.8666667066666666,"value":0.03,"derivative":-0.12},{"location":1.00000004,"value":0.01,"derivative":0},{"location":1.1333333733333333,"value":0.01,"derivative":0},{"location":1.33333334,"value":-0.05,"derivative":-1.5}]}},{"location":0.7,"derivative":0,"value":{"coordinate":"minecraft:overworld/ridges","points":[{"location":-1.33333334,"value":-0.02,"derivative":0.045},{"location":-1.1333333733333333,"value":0.01,"derivative":0},{"location":-1.00000004,"value":0.01,"derivative":0},{"location":-0.8666667066666666,"value":0.03,"derivative":0.12},{"location":-0.6666667,"value":0.1,"derivative":0.14700000000000002},{"location":-0.6666667,"value":0.1,"derivative":-0.14700000000000002},{"location":-0.4666666933333333,"value":0.03,"derivative":-0.12},{"location":-0.33333335999999997,"value":0.01,"derivative":0},{"location":-0.2000000266666666,"value":0.01,"derivative":0},{"location":0,"value":-0.02,"derivative":-0.045},{"location":0,"value":-0.02,"derivative":0.045},{"location":0.2000000266666666,"value":0.01,"derivative":0},{"location":0.33333335999999997,"value":0.01,"derivative":0},{"location":0.4666666933333333,"value":0.03,"derivative":0.12},{"location":0.6666667,"value":0.1,"derivative":0.14700000000000002},{"location":0.6666667,"value":0.1,"derivative":-0.14700000000000002},{"location":0.8666667066666666,"value":0.03,"derivative":-0.12},{"location":1.00000004,"value":0.01,"derivative":0},{"location":1.1333333733333333,"value":0.01,"derivative":0},{"location":1.33333334,"value":-0.02,"derivative":-0.045}]}}]}}]},
            "type": "minecraft:spline"
          },
          "type": "minecraft:add"
        },
        "argument2": {
          "argument": {
            "type": "minecraft:blend_alpha"
          },
          "type": "minecraft:cache_once"
        },
        "type": "minecraft:mul"
      },
      "type": "minecraft:add"
    },
    "type": "minecraft:cache_2d"
  },
  "type": "minecraft:flat_cache"
}