{
    "parent": "item/flintlock/flintlock_idle",
    "overrides": [
        {
            "predicate": {
                "pulling": 1
            },
            "model": "item/flintlock/flintlock_loading_0"
        },
        {
            "predicate": {
                "pulling": 1,
                "pull": 0.167
            },
            "model": "item/flintlock/flintlock_loading_1"
        },
        {
            "predicate": {
                "pulling": 1,
                "pull": 0.5
            },
            "model": "item/flintlock/flintlock_loading_2"
        },
        {
            "predicate": {
                "pulling": 1,
                "pull": 0.7
            },
            "model": "item/flintlock/flintlock_loading_3"
        },
        {
            "predicate": {
                "pulling": 1,
                "pull": 0.8
            },
            "model": "item/flintlock/flintlock_loading_4"
        },
        {
            "predicate": {
                "pulling": 1,
                "pull": 0.9
            },
            "model": "item/flintlock/flintlock_primed"
        },
	{
            "predicate": {
                "damaged": 1,
                "damage": 0.85
            },
            "model": "item/bow_1"
        }
    ]
}