{
	"credit": "Made with Blockbench",
	"texture_size": [32, 32],
	"textures": {
		"0": "item/iron_shovel",
		"particle": "item/iron_shovel"
	},
    "overrides": [
        {
            "predicate": {
                "damaged": 1,
                "damage": 0.85
            },
            "model": "item/iron_shovel_1"
        }
    ],
	"elements": [
		{
			"name": "wooden_shovel_0",
			"from": [9.5, 0, 4.5],
			"to": [11.5, 0.5, 6.5],
			"faces": {
				"north": {"uv": [11.5, 4.5, 9.5, 5], "texture": "#0"},
				"east": {"uv": [11, 4.5, 11.5, 6.5], "rotation": 90, "texture": "#0"},
				"south": {"uv": [9.5, 6, 11.5, 6.5], "texture": "#0"},
				"west": {"uv": [9.5, 4.5, 10, 6.5], "rotation": 270, "texture": "#0"},
				"up": {"uv": [9.5, 4.5, 11.5, 6.5], "texture": "#0"},
				"down": {"uv": [9.5, 6.5, 11.5, 4.5], "texture": "#0"}
			}
		},
		{
			"name": "wooden_shovel_1",
			"from": [8.5, 0, 5],
			"to": [9.5, 0.5, 9],
			"faces": {
				"north": {"uv": [9.5, 5, 8.5, 5.5], "texture": "#0"},
				"east": {"uv": [9, 5, 9.5, 9], "rotation": 90, "texture": "#0"},
				"south": {"uv": [8.5, 8.5, 9.5, 9], "texture": "#0"},
				"west": {"uv": [8.5, 5, 9, 9], "rotation": 270, "texture": "#0"},
				"up": {"uv": [8.5, 5, 9.5, 9], "texture": "#0"},
				"down": {"uv": [8.5, 9, 9.5, 5], "texture": "#0"}
			}
		},
		{
			"name": "wooden_shovel_2",
			"from": [8, 0, 5.5],
			"to": [8.5, 0.5, 8.5],
			"faces": {
				"north": {"uv": [8.5, 5.5, 8, 6], "texture": "#0"},
				"east": {"uv": [8, 5.5, 8.5, 8.5], "rotation": 90, "texture": "#0"},
				"south": {"uv": [8, 8, 8.5, 8.5], "texture": "#0"},
				"west": {"uv": [8, 5.5, 8.5, 8.5], "rotation": 270, "texture": "#0"},
				"up": {"uv": [8, 5.5, 8.5, 8.5], "texture": "#0"},
				"down": {"uv": [8, 8.5, 8.5, 5.5], "texture": "#0"}
			}
		},
		{
			"name": "wooden_shovel_3",
			"from": [7.5, 0, 6],
			"to": [8, 0.5, 9],
			"faces": {
				"north": {"uv": [8, 6, 7.5, 6.5], "texture": "#0"},
				"east": {"uv": [7.5, 6, 8, 9], "rotation": 90, "texture": "#0"},
				"south": {"uv": [7.5, 8.5, 8, 9], "texture": "#0"},
				"west": {"uv": [7.5, 6, 8, 9], "rotation": 270, "texture": "#0"},
				"up": {"uv": [7.5, 6, 8, 9], "texture": "#0"},
				"down": {"uv": [7.5, 9, 8, 6], "texture": "#0"}
			}
		},
		{
			"name": "wooden_shovel_4",
			"from": [7, 0, 6.5],
			"to": [7.5, 0.5, 7.5],
			"faces": {
				"north": {"uv": [7.5, 6.5, 7, 7], "texture": "#0"},
				"east": {"uv": [7, 6.5, 7.5, 7.5], "rotation": 90, "texture": "#0"},
				"south": {"uv": [7, 7, 7.5, 7.5], "texture": "#0"},
				"west": {"uv": [7, 6.5, 7.5, 7.5], "rotation": 270, "texture": "#0"},
				"up": {"uv": [7, 6.5, 7.5, 7.5], "texture": "#0"},
				"down": {"uv": [7, 7.5, 7.5, 6.5], "texture": "#0"}
			}
		},
		{
			"name": "wooden_shovel_5",
			"from": [9.5, 0, 6.5],
			"to": [11, 0.5, 7.5],
			"faces": {
				"north": {"uv": [11, 6.5, 9.5, 7], "texture": "#0"},
				"east": {"uv": [10.5, 6.5, 11, 7.5], "rotation": 90, "texture": "#0"},
				"south": {"uv": [9.5, 7, 11, 7.5], "texture": "#0"},
				"west": {"uv": [9.5, 6.5, 10, 7.5], "rotation": 270, "texture": "#0"},
				"up": {"uv": [9.5, 6.5, 11, 7.5], "texture": "#0"},
				"down": {"uv": [9.5, 7.5, 11, 6.5], "texture": "#0"}
			}
		},
		{
			"name": "wooden_shovel_6",
			"from": [9.5, 0, 7.5],
			"to": [10.5, 0.5, 8],
			"faces": {
				"north": {"uv": [10.5, 7.5, 9.5, 8], "texture": "#0"},
				"east": {"uv": [10, 7.5, 10.5, 8], "rotation": 90, "texture": "#0"},
				"south": {"uv": [9.5, 7.5, 10.5, 8], "texture": "#0"},
				"west": {"uv": [9.5, 7.5, 10, 8], "rotation": 270, "texture": "#0"},
				"up": {"uv": [9.5, 7.5, 10.5, 8], "texture": "#0"},
				"down": {"uv": [9.5, 8, 10.5, 7.5], "texture": "#0"}
			}
		},
		{
			"name": "wooden_shovel_7",
			"from": [7, 0, 8],
			"to": [7.5, 0.5, 9.5],
			"faces": {
				"north": {"uv": [7.5, 8, 7, 8.5], "texture": "#0"},
				"east": {"uv": [7, 8, 7.5, 9.5], "rotation": 90, "texture": "#0"},
				"south": {"uv": [7, 9, 7.5, 9.5], "texture": "#0"},
				"west": {"uv": [7, 8, 7.5, 9.5], "rotation": 270, "texture": "#0"},
				"up": {"uv": [7, 8, 7.5, 9.5], "texture": "#0"},
				"down": {"uv": [7, 9.5, 7.5, 8], "texture": "#0"}
			}
		},
		{
			"name": "wooden_shovel_8",
			"from": [9.5, 0, 8],
			"to": [10, 0.5, 8.5],
			"faces": {
				"north": {"uv": [10, 8, 9.5, 8.5], "texture": "#0"},
				"east": {"uv": [9.5, 8, 10, 8.5], "rotation": 90, "texture": "#0"},
				"south": {"uv": [9.5, 8, 10, 8.5], "texture": "#0"},
				"west": {"uv": [9.5, 8, 10, 8.5], "rotation": 270, "texture": "#0"},
				"up": {"uv": [9.5, 8, 10, 8.5], "texture": "#0"},
				"down": {"uv": [9.5, 8.5, 10, 8], "texture": "#0"}
			}
		},
		{
			"name": "wooden_shovel_9",
			"from": [6.5, 0, 8.5],
			"to": [7, 0.5, 10],
			"faces": {
				"north": {"uv": [7, 8.5, 6.5, 9], "texture": "#0"},
				"east": {"uv": [6.5, 8.5, 7, 10], "rotation": 90, "texture": "#0"},
				"south": {"uv": [6.5, 9.5, 7, 10], "texture": "#0"},
				"west": {"uv": [6.5, 8.5, 7, 10], "rotation": 270, "texture": "#0"},
				"up": {"uv": [6.5, 8.5, 7, 10], "texture": "#0"},
				"down": {"uv": [6.5, 10, 7, 8.5], "texture": "#0"}
			}
		},
		{
			"name": "wooden_shovel_10",
			"from": [6, 0, 9],
			"to": [6.5, 0.5, 10.5],
			"faces": {
				"north": {"uv": [6.5, 9, 6, 9.5], "texture": "#0"},
				"east": {"uv": [6, 9, 6.5, 10.5], "rotation": 90, "texture": "#0"},
				"south": {"uv": [6, 10, 6.5, 10.5], "texture": "#0"},
				"west": {"uv": [6, 9, 6.5, 10.5], "rotation": 270, "texture": "#0"},
				"up": {"uv": [6, 9, 6.5, 10.5], "texture": "#0"},
				"down": {"uv": [6, 10.5, 6.5, 9], "texture": "#0"}
			}
		},
		{
			"name": "wooden_shovel_11",
			"from": [5.5, 0, 9.5],
			"to": [6, 0.5, 11],
			"faces": {
				"north": {"uv": [6, 9.5, 5.5, 10], "texture": "#0"},
				"east": {"uv": [5.5, 9.5, 6, 11], "rotation": 90, "texture": "#0"},
				"south": {"uv": [5.5, 10.5, 6, 11], "texture": "#0"},
				"west": {"uv": [5.5, 9.5, 6, 11], "rotation": 270, "texture": "#0"},
				"up": {"uv": [5.5, 9.5, 6, 11], "texture": "#0"},
				"down": {"uv": [5.5, 11, 6, 9.5], "texture": "#0"}
			}
		},
		{
			"name": "wooden_shovel_12",
			"from": [5, 0, 10],
			"to": [5.5, 0.5, 11.5],
			"faces": {
				"north": {"uv": [5.5, 10, 5, 10.5], "texture": "#0"},
				"east": {"uv": [5, 10, 5.5, 11.5], "rotation": 90, "texture": "#0"},
				"south": {"uv": [5, 11, 5.5, 11.5], "texture": "#0"},
				"west": {"uv": [5, 10, 5.5, 11.5], "rotation": 270, "texture": "#0"},
				"up": {"uv": [5, 10, 5.5, 11.5], "texture": "#0"},
				"down": {"uv": [5, 11.5, 5.5, 10], "texture": "#0"}
			}
		},
		{
			"name": "wooden_shovel_13",
			"from": [4.5, 0, 10.5],
			"to": [5, 0.5, 12],
			"faces": {
				"north": {"uv": [5, 10.5, 4.5, 11], "texture": "#0"},
				"east": {"uv": [4.5, 10.5, 5, 12], "rotation": 90, "texture": "#0"},
				"south": {"uv": [4.5, 11.5, 5, 12], "texture": "#0"},
				"west": {"uv": [4.5, 10.5, 5, 12], "rotation": 270, "texture": "#0"},
				"up": {"uv": [4.5, 10.5, 5, 12], "texture": "#0"},
				"down": {"uv": [4.5, 12, 5, 10.5], "texture": "#0"}
			}
		},
		{
			"name": "wooden_shovel_14",
			"from": [4, 0, 11],
			"to": [4.5, 0.5, 12.5],
			"faces": {
				"north": {"uv": [4.5, 11, 4, 11.5], "texture": "#0"},
				"east": {"uv": [4, 11, 4.5, 12.5], "rotation": 90, "texture": "#0"},
				"south": {"uv": [4, 12, 4.5, 12.5], "texture": "#0"},
				"west": {"uv": [4, 11, 4.5, 12.5], "rotation": 270, "texture": "#0"},
				"up": {"uv": [4, 11, 4.5, 12.5], "texture": "#0"},
				"down": {"uv": [4, 12.5, 4.5, 11], "texture": "#0"}
			}
		},
		{
			"name": "wooden_shovel_15",
			"from": [3.5, 0, 11.5],
			"to": [4, 0.5, 13],
			"faces": {
				"north": {"uv": [4, 11.5, 3.5, 12], "texture": "#0"},
				"east": {"uv": [3.5, 11.5, 4, 13], "rotation": 90, "texture": "#0"},
				"south": {"uv": [3.5, 12.5, 4, 13], "texture": "#0"},
				"west": {"uv": [3.5, 11.5, 4, 13], "rotation": 270, "texture": "#0"},
				"up": {"uv": [3.5, 11.5, 4, 13], "texture": "#0"},
				"down": {"uv": [3.5, 13, 4, 11.5], "texture": "#0"}
			}
		},
		{
			"name": "wooden_shovel_16",
			"from": [3, 0, 12],
			"to": [3.5, 0.5, 13.5],
			"faces": {
				"north": {"uv": [3.5, 12, 3, 12.5], "texture": "#0"},
				"east": {"uv": [3, 12, 3.5, 13.5], "rotation": 90, "texture": "#0"},
				"south": {"uv": [3, 13, 3.5, 13.5], "texture": "#0"},
				"west": {"uv": [3, 12, 3.5, 13.5], "rotation": 270, "texture": "#0"},
				"up": {"uv": [3, 12, 3.5, 13.5], "texture": "#0"},
				"down": {"uv": [3, 13.5, 3.5, 12], "texture": "#0"}
			}
		},
		{
			"name": "wooden_shovel_17",
			"from": [2.5, 0, 12.5],
			"to": [3, 0.5, 14],
			"faces": {
				"north": {"uv": [3, 12.5, 2.5, 13], "texture": "#0"},
				"east": {"uv": [2.5, 12.5, 3, 14], "rotation": 90, "texture": "#0"},
				"south": {"uv": [2.5, 13.5, 3, 14], "texture": "#0"},
				"west": {"uv": [2.5, 12.5, 3, 14], "rotation": 270, "texture": "#0"},
				"up": {"uv": [2.5, 12.5, 3, 14], "texture": "#0"},
				"down": {"uv": [2.5, 14, 3, 12.5], "texture": "#0"}
			}
		},
		{
			"name": "wooden_shovel_18",
			"from": [2, 0, 13],
			"to": [2.5, 0.5, 14.5],
			"faces": {
				"north": {"uv": [2.5, 13, 2, 13.5], "texture": "#0"},
				"east": {"uv": [2, 13, 2.5, 14.5], "rotation": 90, "texture": "#0"},
				"south": {"uv": [2, 14, 2.5, 14.5], "texture": "#0"},
				"west": {"uv": [2, 13, 2.5, 14.5], "rotation": 270, "texture": "#0"},
				"up": {"uv": [2, 13, 2.5, 14.5], "texture": "#0"},
				"down": {"uv": [2, 14.5, 2.5, 13], "texture": "#0"}
			}
		},
		{
			"name": "wooden_shovel_19",
			"from": [1.5, 0, 13.5],
			"to": [2, 0.5, 15],
			"faces": {
				"north": {"uv": [2, 13.5, 1.5, 14], "texture": "#0"},
				"east": {"uv": [1.5, 13.5, 2, 15], "rotation": 90, "texture": "#0"},
				"south": {"uv": [1.5, 14.5, 2, 15], "texture": "#0"},
				"west": {"uv": [1.5, 13.5, 2, 15], "rotation": 270, "texture": "#0"},
				"up": {"uv": [1.5, 13.5, 2, 15], "texture": "#0"},
				"down": {"uv": [1.5, 15, 2, 13.5], "texture": "#0"}
			}
		},
		{
			"name": "wooden_shovel_20",
			"from": [1, 0, 14],
			"to": [1.5, 0.5, 15.5],
			"faces": {
				"north": {"uv": [1.5, 14, 1, 14.5], "texture": "#0"},
				"east": {"uv": [1, 14, 1.5, 15.5], "rotation": 90, "texture": "#0"},
				"south": {"uv": [1, 15, 1.5, 15.5], "texture": "#0"},
				"west": {"uv": [1, 14, 1.5, 15.5], "rotation": 270, "texture": "#0"},
				"up": {"uv": [1, 14, 1.5, 15.5], "texture": "#0"},
				"down": {"uv": [1, 15.5, 1.5, 14], "texture": "#0"}
			}
		},
		{
			"name": "wooden_shovel_21",
			"from": [0.5, 0, 14.5],
			"to": [1, 0.5, 16],
			"faces": {
				"north": {"uv": [1, 14.5, 0.5, 15], "texture": "#0"},
				"east": {"uv": [0.5, 14.5, 1, 16], "rotation": 90, "texture": "#0"},
				"south": {"uv": [0.5, 15.5, 1, 16], "texture": "#0"},
				"west": {"uv": [0.5, 14.5, 1, 16], "rotation": 270, "texture": "#0"},
				"up": {"uv": [0.5, 14.5, 1, 16], "texture": "#0"},
				"down": {"uv": [0.5, 16, 1, 14.5], "texture": "#0"}
			}
		},
		{
			"name": "wooden_shovel_22",
			"from": [0, 0, 15],
			"to": [0.5, 0.5, 15.5],
			"faces": {
				"north": {"uv": [0.5, 15, 0, 15.5], "texture": "#0"},
				"east": {"uv": [0, 15, 0.5, 15.5], "rotation": 90, "texture": "#0"},
				"south": {"uv": [0, 15, 0.5, 15.5], "texture": "#0"},
				"west": {"uv": [0, 15, 0.5, 15.5], "rotation": 270, "texture": "#0"},
				"up": {"uv": [0, 15, 0.5, 15.5], "texture": "#0"},
				"down": {"uv": [0, 15.5, 0.5, 15], "texture": "#0"}
			}
		}
	],
	"gui_light": "front",
	"display": {
		"thirdperson_righthand": {
			"rotation": [35, 0, 90],
			"translation": [-12.25, 10.75, -0.75],
			"scale": [1.6, 1.6, 1.6]
		},
		"thirdperson_lefthand": {
			"rotation": [-145, -180, 90],
			"translation": [12.25, 10.75, -0.75],
			"scale": [1.6, 1.6, 1.6]
		},
		"firstperson_righthand": {
			"rotation": [15, 0, 90],
			"translation": [-8.5, 8, 0],
			"scale": [1.5, 1.5, 0.8]
		},
		"firstperson_lefthand": {
			"rotation": [15, 0, -90],
			"translation": [14.5, 8, 0],
			"scale": [1.5, 1.5, 0.8]
		},
		"ground": {
			"rotation": [90, 15, 0],
			"translation": [0, 0.5, 0],
			"scale": [0.7, 0.7, 0.7]
		},
		"gui": {
			"rotation": [90, 0, 0],
			"translation": [2.5, 2.5, 0],
			"scale": [1.3, 1.3, 1.3]
		},
		"head": {
			"rotation": [90, -180, 0],
			"translation": [-2, -17.5, 21],
			"scale": [2, 2, 2]
		},
		"fixed": {
			"rotation": [90, 0, -180],
			"translation": [-3, 3, -13.25],
			"scale": [1.6, 1.6, 1.6]
		}
	},
	"groups": [
		{
			"name": "wooden_shovel",
			"origin": [8, 8, 8],
			"color": 0,
			"children": [0, 1, 2, 3, 4, 5, 6, 7, 8, 9, 10, 11, 12, 13, 14, 15, 16, 17, 18, 19, 20, 21, 22]
		}
	]
}