{
	"credit": "Made with Blockbench",
	"texture_size": [32, 32],
	"textures": {
		"0": "musketmod:item/blunderbuss",
		"particle": "musketmod:item/blunderbuss"
	},
	"elements": [
		{
			"from": [9.01, 3.8, 13.9],
			"to": [9.011, 5.8, 15.9],
			"rotation": {"angle": -45, "axis": "x", "origin": [9, 4.3, 14.4]},
			"faces": {
				"north": {"uv": [0, 0, 0, 1.5], "texture": "#0"},
				"east": {"uv": [3, 9.5, 4, 10.5], "texture": "#0"},
				"south": {"uv": [0, 0, 0, 1.5], "texture": "#0"},
				"west": {"uv": [4, 9.5, 3, 10.5], "texture": "#0"},
				"up": {"uv": [0, 1, 0, 0], "texture": "#0"},
				"down": {"uv": [0, 0, 0, 1], "texture": "#0"}
			}
		},
		{
			"from": [8, 4.75, -3],
			"to": [8, 5.75, -2],
			"rotation": {"angle": 0, "axis": "y", "origin": [8, 5.75, -1.5]},
			"faces": {
				"north": {"uv": [0, 0, 0, 0.5], "texture": "#0"},
				"east": {"uv": [10, 4.5, 10.5, 5], "texture": "#0"},
				"south": {"uv": [0, 0, 0, 0.5], "texture": "#0"},
				"west": {"uv": [10, 4.5, 10.5, 5], "texture": "#0"},
				"up": {"uv": [0, 0.5, 0, 0], "texture": "#0"},
				"down": {"uv": [0, 0, 0, 0.5], "texture": "#0"}
			}
		},
		{
			"from": [7.499, 3, 5],
			"to": [8.501, 4, 12],
			"rotation": {"angle": 0, "axis": "y", "origin": [0.5, 1, -5]},
			"faces": {
				"north": {"uv": [5, 10, 5.5, 10.5], "texture": "#0"},
				"east": {"uv": [7, 5.5, 10.5, 6], "texture": "#0"},
				"south": {"uv": [5.5, 10, 6, 10.5], "texture": "#0"},
				"west": {"uv": [8, 5, 11.5, 5.5], "texture": "#0"},
				"up": {"uv": [6.5, 11.5, 6, 8], "texture": "#0"},
				"down": {"uv": [7, 8, 6.5, 11.5], "texture": "#0"}
			}
		},
		{
			"from": [8.01, 1, 13.5],
			"to": [8.011, 3, 16.5],
			"rotation": {"angle": 0, "axis": "y", "origin": [8, 1.5, 16]},
			"faces": {
				"north": {"uv": [0, 0, 0, 1], "texture": "#0"},
				"east": {"uv": [10, 8, 8.5, 9], "texture": "#0"},
				"south": {"uv": [0, 0, 0, 1], "texture": "#0"},
				"west": {"uv": [8.5, 8, 10, 9], "texture": "#0"},
				"up": {"uv": [0, 1.5, 0, 0], "texture": "#0"},
				"down": {"uv": [0, 0, 0, 1.5], "texture": "#0"}
			}
		},
		{
			"from": [7, 4, -3],
			"to": [8, 5.002, 12],
			"rotation": {"angle": 0, "axis": "y", "origin": [7.54645, 4.55355, 6]},
			"faces": {
				"north": {"uv": [10, 6, 10.5, 6.5], "rotation": 270, "texture": "#0"},
				"east": {"uv": [0.5, 8.5, 0, 1], "rotation": 90, "texture": "#0"},
				"south": {"uv": [10, 6.5, 10.5, 7], "rotation": 90, "texture": "#0"},
				"west": {"uv": [1, 2, 0.5, 9.5], "rotation": 90, "texture": "#0"},
				"up": {"uv": [0, 0.5, 7.5, 1], "rotation": 90, "texture": "#0"},
				"down": {"uv": [0, 0, 7.5, 0.5], "rotation": 90, "texture": "#0"}
			}
		},
		{
			"from": [8, 4, -3],
			"to": [9.002, 5, 12],
			"rotation": {"angle": 0, "axis": "y", "origin": [8.2, 4.2, 6]},
			"faces": {
				"north": {"uv": [10, 7, 10.5, 7.5], "texture": "#0"},
				"east": {"uv": [1, 1, 8.5, 1.5], "texture": "#0"},
				"south": {"uv": [10, 7.5, 10.5, 8], "texture": "#0"},
				"west": {"uv": [1, 1.5, 8.5, 2], "texture": "#0"},
				"up": {"uv": [1.5, 10.5, 1, 3], "texture": "#0"},
				"down": {"uv": [2, 3, 1.5, 10.5], "texture": "#0"}
			}
		},
		{
			"from": [6.9, 2.9, 11.9],
			"to": [9.1, 5.1, 13.1],
			"rotation": {"angle": 0, "axis": "y", "origin": [1.1, 1.6, 9.1]},
			"faces": {
				"north": {"uv": [9, 0, 10, 1], "texture": "#0"},
				"east": {"uv": [10, 1, 10.5, 2], "texture": "#0"},
				"south": {"uv": [8, 9, 9, 10], "texture": "#0"},
				"west": {"uv": [10, 3, 10.5, 4], "texture": "#0"},
				"up": {"uv": [10, 5, 9, 4.5], "texture": "#0"},
				"down": {"uv": [10, 7.5, 9, 8], "texture": "#0"}
			}
		},
		{
			"from": [6.999, 3, 12],
			"to": [9.001, 5, 16],
			"rotation": {"angle": 0, "axis": "y", "origin": [1, 0, -4]},
			"faces": {
				"north": {"uv": [9, 9, 10, 10], "texture": "#0"},
				"east": {"uv": [5, 7, 7, 8], "texture": "#0"},
				"south": {"uv": [4, 9.5, 5, 10.5], "texture": "#0"},
				"west": {"uv": [7, 7, 9, 8], "texture": "#0"},
				"up": {"uv": [9, 5, 8, 3], "texture": "#0"},
				"down": {"uv": [6, 8, 5, 10], "texture": "#0"}
			}
		},
		{
			"from": [7, 3, 16],
			"to": [9, 5, 21],
			"rotation": {"angle": 22.5, "axis": "x", "origin": [8, 5, 16]},
			"faces": {
				"north": {"uv": [0, 10, 1, 11], "texture": "#0"},
				"east": {"uv": [4, 6, 6.5, 7], "texture": "#0"},
				"south": {"uv": [10, 0, 11, 1], "texture": "#0"},
				"west": {"uv": [6.5, 6, 9, 7], "texture": "#0"},
				"up": {"uv": [8, 5.5, 7, 3], "texture": "#0"},
				"down": {"uv": [5, 7, 4, 9.5], "texture": "#0"}
			}
		},
		{
			"from": [7, 1.31494, 19.47135],
			"to": [9, 4.31494, 25.47135],
			"rotation": {"angle": 22.5, "axis": "x", "origin": [8, 0.31494, 19.47135]},
			"faces": {
				"north": {"uv": [9, 6, 10, 7.5], "texture": "#0"},
				"east": {"uv": [3, 3, 6, 4.5], "texture": "#0"},
				"south": {"uv": [7, 9, 8, 10.5], "texture": "#0"},
				"west": {"uv": [3, 4.5, 6, 6], "texture": "#0"},
				"up": {"uv": [4, 9, 3, 6], "texture": "#0"},
				"down": {"uv": [7, 3, 6, 6], "texture": "#0"}
			}
		},
		{
			"from": [6.9, 2.9, 16.9],
			"to": [9.1, 5.1, 20.1],
			"rotation": {"angle": 22.5, "axis": "x", "origin": [8, 5, 16]},
			"faces": {
				"north": {"uv": [0, 0, 0, 0.5], "texture": "#0"},
				"east": {"uv": [11, 1.5, 12.5, 2.5], "texture": "#0"},
				"south": {"uv": [0, 0, 0, 0.5], "texture": "#0"},
				"west": {"uv": [11, 2.5, 12.5, 3.5], "texture": "#0"},
				"up": {"uv": [12, 1.5, 11, 0], "texture": "#0"},
				"down": {"uv": [13, 0, 12, 1.5], "texture": "#0"}
			}
		},
		{
			"from": [6.9, 1.21494, 20.37135],
			"to": [9.1, 4.41494, 24.57135],
			"rotation": {"angle": 22.5, "axis": "x", "origin": [8, 0.31494, 19.47135]},
			"faces": {
				"north": {"uv": [0, 0, 1, 0], "texture": "#0"},
				"east": {"uv": [13, 1.5, 15, 3], "texture": "#0"},
				"south": {"uv": [0, 0, 1, 0], "texture": "#0"},
				"west": {"uv": [13, 3, 15, 4.5], "texture": "#0"},
				"up": {"uv": [16, 2.5, 15, 0.5], "texture": "#0"},
				"down": {"uv": [16, 2.5, 15, 4.5], "texture": "#0"}
			}
		}
	],
	"gui_light": "front",
	"overrides": [
		{"predicate": {"musketmod:loaded": 1}, "model": "musketmod:item/blunderbuss_loaded"}
	],
	"display": {
		"thirdperson_righthand": {
			"rotation": [5.08, -15, 1.36],
			"translation": [1.5, 5.5, -6.5],
			"scale": [0.9, 0.9, 0.9]
		},
		"thirdperson_lefthand": {
			"rotation": [158, 0, 0],
			"translation": [0, 0.5, 16.5],
			"scale": [0.9, 0.9, 0.9]
		},
		"firstperson_righthand": {
			"rotation": [0, -8.5, 0],
			"translation": [3, 2, -5],
			"scale": [0.58, 0.58, 0.54]
		},
		"firstperson_lefthand": {
			"rotation": [45, 0, 0],
			"translation": [1, 5, -2],
			"scale": [0.58, 0.58, 0.54]
		},
		"ground": {
			"translation": [0, 5, -2.5],
			"scale": [0.8, 0.8, 0.8]
		},
		"gui": {
			"rotation": [30, 130, 0],
			"translation": [-1, 1.5, 0],
			"scale": [0.6, 0.6, 0.6]
		},
		"fixed": {
			"rotation": [0, 90, 0],
			"translation": [0, 5, -2.5],
			"scale": [1.5, 1.5, 1.5]
		}
	}
}