{
	"credit": "Made with Blockbench",
	"texture_size": [32, 32],
	"textures": {
		"1": "musketmod:item/pistol"
	},
	"elements": [
		{
			"from": [8, 12.8, 1],
			"to": [8, 13.8, 8],
			"rotation": {"angle": 0, "axis": "y", "origin": [8, 14.05, 4.5]},
			"faces": {
				"north": {"uv": [0, 0, 0, 0.5], "texture": "#1"},
				"east": {"uv": [7, 2.5, 10.5, 3], "texture": "#1"},
				"south": {"uv": [0, 0, 0, 0.5], "texture": "#1"},
				"west": {"uv": [7, 3, 10.5, 3.5], "texture": "#1"},
				"up": {"uv": [0, 3.5, 0, 0], "texture": "#1"},
				"down": {"uv": [0, 0, 0, 3.5], "texture": "#1"}
			}
		},
		{
			"from": [8, 9, 8.75],
			"to": [8, 11, 11.75],
			"rotation": {"angle": 0, "axis": "y", "origin": [8, 10, 8.75]},
			"faces": {
				"north": {"uv": [0, 0, 0, 1], "texture": "#1"},
				"east": {"uv": [8, 7, 6.5, 8], "texture": "#1"},
				"south": {"uv": [0, 0, 0, 1], "texture": "#1"},
				"west": {"uv": [6.5, 7, 8, 8], "texture": "#1"},
				"up": {"uv": [0, 1.5, 0, 0], "texture": "#1"},
				"down": {"uv": [0, 0, 0, 1.5], "texture": "#1"}
			}
		},
		{
			"from": [8, 15.1, -2],
			"to": [8, 16.1, 0],
			"rotation": {"angle": 0, "axis": "y", "origin": [8, 15.6, -1]},
			"faces": {
				"north": {"uv": [0, 0, 0, 0.5], "texture": "#1"},
				"east": {"uv": [3.5, 5.5, 4.5, 6], "texture": "#1"},
				"south": {"uv": [0, 0, 0, 0.5], "texture": "#1"},
				"west": {"uv": [3.5, 6, 4.5, 6.5], "texture": "#1"},
				"up": {"uv": [0, 1, 0, 0], "texture": "#1"},
				"down": {"uv": [0, 0, 0, 1], "texture": "#1"}
			}
		},
		{
			"from": [7.95, 13.4, 10.65],
			"to": [7.95, 16.4, 12.65],
			"rotation": {"angle": 22.5, "axis": "x", "origin": [8.85, 13.9, 12.15]},
			"faces": {
				"north": {"uv": [0, 0, 0, 1.5], "texture": "#1"},
				"east": {"uv": [8.5, 3.5, 7.5, 5], "texture": "#1"},
				"south": {"uv": [0, 0, 0, 1.5], "texture": "#1"},
				"west": {"uv": [7.5, 3.5, 8.5, 5], "texture": "#1"},
				"up": {"uv": [0, 1, 0, 0], "texture": "#1"},
				"down": {"uv": [0, 0, 0, 1], "texture": "#1"}
			}
		},
		{
			"from": [6.999, 10.87, 7],
			"to": [9.001, 13.87, 12],
			"rotation": {"angle": 0, "axis": "y", "origin": [7, 9.9, 10]},
			"faces": {
				"north": {"uv": [7.5, 5, 8.5, 6.5], "texture": "#1"},
				"east": {"uv": [0, 3, 2.5, 4.5], "texture": "#1"},
				"south": {"uv": [3.5, 8, 4.5, 9.5], "texture": "#1"},
				"west": {"uv": [3, 0, 5.5, 1.5], "texture": "#1"},
				"up": {"uv": [2, 7, 1, 4.5], "texture": "#1"},
				"down": {"uv": [5.5, 2.5, 4.5, 5], "texture": "#1"}
			}
		},
		{
			"from": [8, 13.75, -2],
			"to": [9, 14.75, 11.002],
			"rotation": {"angle": 45, "axis": "z", "origin": [8, 13.75, 1]},
			"faces": {
				"north": {"uv": [2, 4.5, 2.5, 5], "texture": "#1"},
				"east": {"uv": [3, 1.5, 9.5, 2], "texture": "#1"},
				"south": {"uv": [2, 5, 2.5, 5.5], "texture": "#1"},
				"west": {"uv": [3, 2, 9.5, 2.5], "texture": "#1"},
				"up": {"uv": [3, 9.5, 2.5, 3], "texture": "#1"},
				"down": {"uv": [3.5, 2.5, 3, 9], "texture": "#1"}
			}
		},
		{
			"from": [6.5, 11.49289, 8],
			"to": [9.5, 14.49289, 11],
			"rotation": {"angle": 45, "axis": "z", "origin": [8, 12.99289, 9.5]},
			"faces": {
				"north": {"uv": [4.5, 5, 6, 6.5], "texture": "#1"},
				"east": {"uv": [5.5, 0, 7, 1.5], "texture": "#1"},
				"south": {"uv": [5.5, 2.5, 7, 4], "texture": "#1"},
				"west": {"uv": [6, 4, 7.5, 5.5], "texture": "#1"},
				"up": {"uv": [7.5, 7, 6, 5.5], "texture": "#1"},
				"down": {"uv": [5, 6.5, 3.5, 8], "texture": "#1"}
			}
		},
		{
			"from": [7, 7.50632, 11.92236],
			"to": [9, 13.50632, 14.92236],
			"rotation": {"angle": -45, "axis": "x", "origin": [8, 10.00632, 13.42236]},
			"faces": {
				"north": {"uv": [3.5, 2.5, 4.5, 5.5], "texture": "#1"},
				"east": {"uv": [0, 0, 1.5, 3], "texture": "#1"},
				"south": {"uv": [0, 4.5, 1, 7.5], "texture": "#1"},
				"west": {"uv": [1.5, 0, 3, 3], "texture": "#1"},
				"up": {"uv": [5.5, 9.5, 4.5, 8], "texture": "#1"},
				"down": {"uv": [6.5, 8, 5.5, 9.5], "texture": "#1"}
			}
		},
		{
			"from": [6.9, 8.40632, 11.82236],
			"to": [9.1, 11.60632, 15.02236],
			"rotation": {"angle": -45, "axis": "x", "origin": [8, 10.00632, 13.42236]},
			"faces": {
				"north": {"uv": [6.5, 8, 7.5, 9.5], "texture": "#1"},
				"east": {"uv": [7, 0, 8.5, 1.5], "texture": "#1"},
				"south": {"uv": [8, 6.5, 9, 8], "texture": "#1"},
				"west": {"uv": [1, 7, 2.5, 8.5], "texture": "#1"},
				"up": {"uv": [8.5, 9.5, 7.5, 8], "texture": "#1"},
				"down": {"uv": [9.5, 0, 8.5, 1.5], "texture": "#1"}
			}
		},
		{
			"from": [8, 9.8, 4],
			"to": [8, 12.8, 5],
			"rotation": {"angle": 0, "axis": "y", "origin": [8, 14.05, 4.5]},
			"faces": {
				"north": {"uv": [0, 0, 0, 0.5], "texture": "#1"},
				"east": {"uv": [8.5, 3.5, 9, 5], "texture": "#1"},
				"south": {"uv": [0, 0, 0, 0.5], "texture": "#1"},
				"west": {"uv": [9, 3.5, 9.5, 5], "texture": "#1"},
				"up": {"uv": [0, 3.5, 0, 0], "texture": "#1"},
				"down": {"uv": [0, 0, 0, 3.5], "texture": "#1"}
			}
		},
		{
			"from": [8, 10.8, 3],
			"to": [8, 12.8, 4],
			"rotation": {"angle": 0, "axis": "y", "origin": [8, 14.05, 3.5]},
			"faces": {
				"north": {"uv": [0, 0, 0, 0.5], "texture": "#1"},
				"east": {"uv": [8.5, 4, 9, 5], "texture": "#1"},
				"south": {"uv": [0, 0, 0, 0.5], "texture": "#1"},
				"west": {"uv": [9, 4, 9.5, 5], "texture": "#1"},
				"up": {"uv": [0, 3.5, 0, 0], "texture": "#1"},
				"down": {"uv": [0, 0, 0, 3.5], "texture": "#1"}
			}
		}
	],
	"gui_light": "front",
	"overrides": [
		{"predicate": {"musketmod:loaded": 1}, "model": "musketmod:item/pistol_loaded"}
	],
	"display": {
		"thirdperson_righthand": {
			"rotation": [4.38, -3.78, -5.47],
			"translation": [-0.02, -2.75, -3],
			"scale": [0.8, 0.8, 0.8]
		},
		"thirdperson_lefthand": {
			"rotation": [5.25, -14.25, 0],
			"translation": [0.73, -2.75, -2.5],
			"scale": [0.8, 0.8, 0.8]
		},
		"firstperson_righthand": {
			"rotation": [0, -9, 0],
			"translation": [3, -3, -4.5],
			"scale": [0.55, 0.55, 0.55]
		},
		"firstperson_lefthand": {
			"rotation": [0, -9, 0],
			"translation": [3, -3, -4.5],
			"scale": [0.55, 0.55, 0.55]
		},
		"ground": {
			"translation": [0, 5, -2.5],
			"scale": [0.8, 0.8, 0.8]
		},
		"gui": {
			"rotation": [30, 130, 0],
			"translation": [0.5, -3.75, 0]
		},
		"fixed": {
			"rotation": [0, 90, 0],
			"translation": [-0.75, -5.75, -1],
			"scale": [1.5, 1.5, 1.5]
		}
	}
}