{
  "structures": [
    {
      "structure": "dungeons_arise_seven_seas:unicorn_galleon",
      "weight": 5
    },
    {
      "structure": "dungeons_arise_seven_seas:pirate_junk",
      "weight": 5
    },
    {
      "structure": "dungeons_arise_seven_seas:small_yacht",
      "weight": 5
    },
    {
      "structure": "dungeons_arise_seven_seas:victory_frigate",
      "weight": 5
    },
    {
      "structure": "dungeons_arise_seven_seas:corsair_corvette",
      "weight": 5
    }
  ],
  "placement": {
    "salt": 98123789,
    "spacing": 1338,
    "separation": 1330,
    "type": "minecraft:random_spread"
  }
}
